Segment_ID,Assignment_Group,Platform,System_Area,Quality_Bucket,Incident_Count,Average_Log_Fidelity_Score,Average_MTTR_Minutes,Representative_Incident_IDs,Top_Missing_Signals,Segment_Assessment,RCA_Gaps,Automation_Gaps,Logging_Standard_Changes,Improved_Log_Template,Expected_MTTR_Impact
ERP SAP CORE Monitoring/Triage Team,ERP SAP CORE Monitoring/Triage Team,"SAP Cloud ALM, New Relic","ERP SAP Core, Integration","Needs Improvement, Excellent, Good, Poor",2713,60.4,719.88,"INC5990857, INC5898345, INC5898348, INC6172885, INC5785407","root cause analysis in close notes: 2614 | direct alert, trace, issue, or dashboard URL: 2456 | impacted host, pod, instance, CI, or SAP component: 2033 | error code, alert code, exception, or failed transaction identifier: 1582 | action taken, workaround, validation result, or permanent fix: 1171 | metric value, threshold, or trigger condition: 850 | correlation ID, issue ID, trace ID, or request ID: 850 | payload, alert policy, workflow, trigger, or additional attributes: 850","This segment represents 2,713 SAP Cloud ALM incidents managed by the ERP SAP CORE Monitoring/Triage Team with an average quality score of 60.4 and MTTR of ~12 hours. The incidents exhibit a systemic pattern of minimal documentation: 96% lack root cause analysis, 91% missing direct alert URLs, 75% without impacted component identification, and 58% lacking error codes. Close notes are consistently vague ('System is working fine', '3-Strike Rule', 'Alert closed from CALM') with no remediation details. The high MTTR combined with poor documentation suggests incidents are being closed procedurally rather than resolved with understanding, creating knowledge loss and repeat investigation overhead.","No root cause documented in 96% of incidents - close notes contain only status statements without analysis | Missing correlation between alert trigger conditions and actual system behavior or business impact | No distinction between self-resolved alerts, false positives, and genuine issues requiring intervention | Lack of historical context or reference to previous similar incidents (e.g., recurring filesystem or license alerts) | No documentation of why '3-Strike Rule' closure was appropriate or what validation occurred","Alert URLs exist ('Click here to view this alert') but are not captured as structured fields for automated lookup | No machine-readable error codes or alert IDs to enable automated correlation or runbook triggering | Missing threshold values and actual metric readings prevent automated threshold tuning or anomaly detection | Impacted SAP components (system IDs visible like P1C010, MSP700) not extracted as structured fields for auto-routing | No structured validation checkpoints that could be automated (e.g., filesystem capacity checks, license expiry dates) | Lack of correlation IDs prevents linking related alerts or building incident clustering automation","Mandate SAP_SYSTEM_ID, SAP_CLIENT, and SAP_COMPONENT as required structured fields extracted from service name | Require ALERT_URL as a mandatory hyperlink field (not buried in work notes) with direct Cloud ALM alert reference | Enforce METRIC_NAME, METRIC_VALUE, THRESHOLD_VALUE, and THRESHOLD_DIRECTION as structured numeric fields for all performance/capacity alerts | Add CLOUD_ALM_ALERT_ID and CLOUD_ALM_SITUATION_ID as mandatory correlation identifiers | Require RESOLUTION_CATEGORY enum (Auto-Resolved, False-Positive, Workaround-Applied, Permanent-Fix, Escalated) instead of free-text close notes | Mandate ROOT_CAUSE_SUMMARY (min 50 chars) and REMEDIATION_ACTIONS (structured list) in close notes template | Add VALIDATION_PERFORMED field with checkboxes (System-Check-OK, Metrics-Normal, User-Impact-Verified, None) to replace vague confirmations | Include ALERT_RECURRENCE_COUNT and LAST_OCCURRENCE_DATE to track repeat incidents","{'incident_header': {'alert_source': 'SAP Cloud ALM', 'cloud_alm_alert_url': '[REQUIRED: Direct hyperlink]', 'cloud_alm_alert_id': '[REQUIRED: Alert UUID]', 'cloud_alm_situation_id': '[Situation/correlation ID if available]'}, 'impacted_system': {'sap_system_id': '[REQUIRED: e.g., P1C010, MSP700]', 'sap_component': '[REQUIRED: e.g., ABAP, S/4HANA, NetWeaver]', 'sap_client': '[Client number if applicable]', 'host_fqdn': '[Server hostname]', 'instance_number': '[SAP instance]'}, 'alert_details': {'alert_type': '[e.g., ABAP Response Time, Filesystem Full, Expired License]', 'metric_name': '[e.g., avg_response_time_ms, filesystem_usage_pct]', 'metric_value': '[Actual value that triggered alert]', 'threshold_value': '[Configured threshold]', 'threshold_condition': '[e.g., >, <, =]', 'severity': '[ERROR, WARNING, CRITICAL]', 'alert_timestamp': '[ISO8601 format]', 'recurrence_count': '[Number of times this alert fired in past 30 days]'}, 'investigation': {'validation_performed': '[REQUIRED checklist: System health check, Metric verification, Business impact assessment, Historical comparison]', 'error_codes': '[SAP error codes, dump IDs, or transaction codes involved]', 'related_incidents': '[INC numbers of similar recent issues]'}, 'resolution': {'resolution_category': '[REQUIRED enum: Auto-Resolved | False-Positive | Workaround-Applied | Permanent-Fix | Escalated]', 'root_cause_summary': '[REQUIRED min 50 chars: What caused the alert condition]', 'remediation_actions': ['[Action 1 with timestamp]', '[Action 2 with result]'], 'validation_result': '[Post-fix metric values or confirmation method]', 'preventive_measure': ""[Changes to prevent recurrence, or 'None' with justification]""}}","Implementing these logging standards is expected to reduce MTTR by 40-60% (from 12 hours to 5-7 hours) by eliminating repetitive information gathering, enabling direct alert navigation, providing structured root cause history for pattern recognition, and creating automation-ready data for common scenarios like filesystem alerts and license expiry. The mandatory validation and remediation fields will prevent premature closure and build a searchable knowledge base for the 2,713+ similar incidents."
ERP SAP CORE BTP Team,ERP SAP CORE BTP Team,New Relic,BTP,"Needs Improvement, Good, Excellent",331,59.48,2682.02,"INC6167191, INC5884129, INC6185895, INC6081868, INC5795684","root cause analysis in close notes: 331 | direct alert, trace, issue, or dashboard URL: 329 | error code, alert code, exception, or failed transaction identifier: 319 | action taken, workaround, validation result, or permanent fix: 274 | impacted host, pod, instance, CI, or SAP component: 241","This segment represents 331 incidents from the ERP SAP CORE BTP Team monitoring BTP microservices via New Relic, with an average MTTR of 44.7 hours and quality score of 59.48. The incidents follow a repetitive pattern: performance threshold breaches (high response time or heap memory utilization) that are consistently closed with boilerplate explanations attributing behavior to expected load variance and auto-scaling (hyper scaler). Critical gaps include missing New Relic issue URLs, absent specific error codes or transaction IDs, no infrastructure identifiers (pods/instances), and generic close notes lacking true root cause analysis or validation evidence. The team treats these as noise rather than actionable signals, resulting in prolonged incident lifecycles and missed automation opportunities.",No root cause differentiation between legitimate load spikes versus performance degradation or resource leaks | Missing correlation between alert threshold breaches and actual business impact or user complaints | No analysis of why auto-scaling (hyper scaler) did not prevent threshold breach if infrastructure is self-managing | Absence of trending data showing whether incidents are increasing in frequency or severity over time | No investigation into whether alert thresholds are appropriately tuned for expected load patterns | Missing validation that services returned to normal performance after auto-scaling actions,"No automatic enrichment with New Relic issue URL, dashboard links, or direct trace links for investigation | Missing automatic attachment of current and historical resource utilization metrics (CPU, memory, request rate) | No automated correlation with deployment events, configuration changes, or upstream service dependencies | Absence of auto-classification logic to distinguish expected load variance from anomalous performance degradation | No automatic validation checks confirming service recovery and performance normalization before closure | Missing auto-suppression rules for known expected behavior patterns during peak load windows | No automatic escalation when same microservice repeatedly breaches thresholds within short time windows","Mandate New Relic issue URL in standardized format: 'New Relic Issue URL: https://one.newrelic.com/issue/{issue_id}' in description | Require New Relic dashboard URL for impacted microservice: 'Dashboard: https://one.newrelic.com/...' in description | Capture specific microservice identifier as structured field: 'Impacted Microservice: {service_name}' | Include pod/instance/container identifiers: 'Impacted Infrastructure: [pod-xyz, instance-abc]' | Add structured performance metrics: 'Threshold: {value} | Actual: {value} | Duration: {minutes}min | Baseline: {value}' | Require transaction/trace IDs for performance incidents: 'Sample Transaction IDs: [id1, id2, id3]' | Mandate structured validation in close notes: 'Validation: [Current Response Time: {value}ms | Memory Utilization: {value}% | Auto-scaling Action: {pods scaled from X to Y}]' | Replace boilerplate with decision tree: 'RCA Category: [Expected Load Spike | Threshold Tuning Needed | Performance Degradation | Resource Leak] | Evidence: {specific data}'","**INCIDENT DESCRIPTION**
Alert: {alert_condition_name}
Microservice: {service_name}
Metric Breach: {metric_name} | Threshold: {threshold_value} | Actual: {actual_value} | Duration: {duration_minutes}min
New Relic Issue: https://one.newrelic.com/issue/{issue_id}
Dashboard: https://one.newrelic.com/dashboards/{dashboard_id}
Sample Transactions: {transaction_ids}

**INFRASTRUCTURE CONTEXT**
Impacted Pods/Instances: {pod_instance_list}
Current Replica Count: {replica_count}
Auto-scaling Status: {scaling_status}
Recent Deployments: {deployment_events_last_24h}

**PERFORMANCE BASELINE**
Baseline (7-day avg): {baseline_value}
Previous Hour Avg: {previous_hour_value}
Concurrent Users/Load: {load_metric}

**INVESTIGATION & RESOLUTION**
RCA Category: [Expected Load Spike | Threshold Tuning Needed | Performance Degradation | Resource Leak]
Evidence: {specific_metrics_or_logs}
Action Taken: {specific_action_or_none}
Validation: Current {metric_name}: {current_value} at {timestamp} | Auto-scaling Result: {scaling_action_taken}
Permanent Fix Required: [Yes/No] | Follow-up Ticket: {ticket_id}","These changes can reduce MTTR from 44.7 hours to under 2 hours by enabling immediate one-click access to New Relic traces and dashboards, eliminating manual URL hunting (saving ~30 min), providing auto-enriched context that prevents redundant data gathering (saving ~2-4 hours), and establishing clear RCA categories with validation requirements that prevent premature closure and re-opens. Auto-suppression of expected load patterns could eliminate up to 60% of these incidents entirely, while automated threshold tuning recommendations would address the root cause of alert noise."
ERP SAP CORE Source To Pay Team,ERP SAP CORE Source To Pay Team,New Relic,Source To Pay,"Good, Needs Improvement, Excellent",109,70.46,3776.09,"INC5739206, INC5891334, INC5881505, INC5829817, INC5802093","impacted host, pod, instance, CI, or SAP component: 109 | direct alert, trace, issue, or dashboard URL: 108 | error code, alert code, exception, or failed transaction identifier: 86 | action taken, workaround, validation result, or permanent fix: 54","This segment represents 109 SAP Source-to-Pay IDoc failure incidents from New Relic with an average MTTR of 3776 minutes (2.6 days). All incidents share identical structural deficiencies: they lack specific infrastructure identifiers (host/pod/SAP component), contain no direct URLs to New Relic dashboards or traces, rarely include IDoc error codes or transaction IDs, and provide minimal resolution documentation. The incidents follow a generic template that reports IDoc failures without actionable diagnostic context, forcing engineers to manually query New Relic, navigate SAP transaction codes, and reconstruct the failure chain from scratch. Close notes are automated and non-descriptive ('The issue in New Relic was CLOSED'), providing no knowledge transfer for future incidents.","Missing specific IDoc number, IDoc type, and message type that failed | No SAP system ID (SID), client number, or logical system identifier | Absent SAP error message number (e.g., E_IDOC_STATUS_RECORDS_EMPTY) or status code (51, 56, 64, etc.) | No partner profile, port definition, or RFC destination context | Missing New Relic entity GUID, alert condition ID, or NRQL query that triggered the alert | No correlation to upstream/downstream transaction failures or business process impact | Lack of IDoc direction indicator (inbound vs outbound) and source/target system","No structured IDoc failure data to enable automated retry or reprocessing via WE19/BD87 | Missing threshold context (e.g., '5 IDocs failed in 10 minutes') to distinguish noise from critical failures | Absent correlation IDs linking New Relic incidents to SAP SM21, ST22, or application logs | No machine-readable severity indicators beyond generic 'Critical' label | Missing remediation runbook links or automated recovery workflow triggers | No business context (PO numbers, vendor IDs, material documents) to assess impact automatically | Lack of historical pattern data (e.g., 'similar failure occurred 3 times this week') to prioritize investigation","Add mandatory 'idoc_details' object containing: idoc_number, idoc_type, message_type, direction, status_code, and partner_number | Include 'sap_context' object with: system_id, client, logical_system, transaction_code, and program_name | Embed 'new_relic_links' object with: issue_url (direct link to Issue page), entity_permalink, alert_condition_url, and nrql_query_url | Capture 'error_identifiers' array containing: sap_message_number, sap_message_text, exception_class, and failed_function_module | Add 'infrastructure_context' with: application_server, instance_number, work_process_id, and pod/container_id if applicable | Include 'resolution_data' object in close notes with: root_cause_category, actions_taken_list, validation_steps, and prevention_recommendations | Append 'business_impact' section with: affected_transaction_count, impacted_entities_list, and estimated_business_delay","**New Relic Alert: SAP IDoc Failure Detected**

**IDoc Details:**
- IDoc Number: {{idoc_number}}
- IDoc Type: {{idoc_type}} | Message Type: {{message_type}}
- Direction: {{direction}} | Status: {{status_code}} ({{status_text}})
- Partner: {{partner_number}} | Port: {{port_name}}

**SAP Context:**
- System: {{sap_sid}}/{{client}} | Logical System: {{logical_system}}
- Transaction: {{transaction_code}} | Program: {{program_name}}
- App Server: {{application_server}} | Instance: {{instance_number}}

**Error Details:**
- SAP Message: {{message_number}} - {{message_text}}
- Exception: {{exception_class}} | Failed Module: {{function_module}}
- Segment: {{failed_segment}} | Field: {{failed_field}}

**New Relic Context:**
- Issue URL: {{new_relic_issue_url}}
- Entity: {{entity_name}} ({{entity_guid}})
- Alert Condition: {{alert_condition_name}} ({{condition_id}})
- Query: {{nrql_query}}
- Threshold: {{threshold_value}} failures in {{time_window}}

**Business Impact:**
- Failed Transactions: {{failure_count}} | Time Window: {{time_range}}
- Affected Process: {{business_process}} | Impacted Documents: {{document_list}}

**Investigation Links:**
- New Relic Dashboard: {{dashboard_url}}
- SAP IDoc Monitor: Transaction WE02/WE05 with IDoc {{idoc_number}}
- Runbook: {{runbook_url}}

**Resolution (on close):**
- Root Cause: {{root_cause_summary}}
- Actions Taken: {{action_list}}
- Validation: {{validation_result}}
- Prevention: {{prevention_steps}}","These logging improvements are expected to reduce MTTR by 50-65% (from ~2.6 days to 12-18 hours) by eliminating manual New Relic navigation, providing direct IDoc identifiers for SAP transaction access (WE02/WE05), surfacing error codes that map to known resolution patterns, and enabling automated correlation between monitoring alerts and SAP system logs. Direct URLs and structured error data will particularly accelerate after-hours incident response when senior engineers must triage remotely."
ERP SAP CORE Record To Report Team,ERP SAP CORE Record To Report Team,New Relic,Record To Report,"Good, Needs Improvement, Excellent",108,71.94,4679.19,"INC5853290, INC5989820, INC5790030, INC5932722, INC5977698","impacted host, pod, instance, CI, or SAP component: 108 | direct alert, trace, issue, or dashboard URL: 108 | error code, alert code, exception, or failed transaction identifier: 96 | action taken, workaround, validation result, or permanent fix: 37","This segment represents 108 SAP Core Record-to-Report IDoc failure incidents originating from New Relic with an average MTTR of 77.99 hours (4679 minutes). All incidents share an identical pattern: generic alert descriptions stating 'Core RTR IDoc failures detected in Production' without specific identifying details. The incidents universally lack impacted SAP components, error codes, direct investigation URLs, and documented resolution actions. Work notes show only automated New Relic status updates ('INCIDENT ADDED/CLOSED') with no human investigation trail. The consistent ~3-4 day MTTR suggests investigators must manually navigate to New Relic, identify specific failed IDocs, determine root causes, and resolve issues without any automated guidance or contextual information in the ticket.","No specific IDoc number, type, or message ID to identify which transaction failed | Missing SAP error status codes (51, 56, 64, etc.) that indicate failure category | No SAP system ID, client, or application component identification | Absent partner/sender information for replication failures | No timestamp correlation between New Relic alert and actual SAP IDoc failure time | Missing query result details despite alert mentioning 'query result >= 1.0' | No investigation steps documented in work notes - only automated status changes | Root cause never captured in close notes - only generic 'issue was CLOSED' statement",No automated retrieval of failed IDoc details from SAP (WE02/WE05 transaction data) | Missing automatic lookup of IDoc error messages and standard SAP resolution procedures | No self-service link to SAP IDoc monitoring dashboard filtered to failed messages | Absent automated correlation with related SAP basis or interface errors | No automatic retry mechanism trigger or suggested remediation workflow | Missing integration to pull SAP partner profile configuration for replication issues | No automated notification to business process owners of specific impacted transactions | Lack of historical pattern analysis for recurring IDoc types or partners,"Add mandatory field: 'sap_idoc_number' - specific IDoc document number(s) triggering alert | Add mandatory field: 'sap_idoc_type' - IDoc type (e.g., FIDCCP02, CREMAS03, FINSTA) | Add mandatory field: 'sap_error_status' - SAP IDoc status code (51, 56, 64, etc.) | Add mandatory field: 'sap_error_message' - actual SAP error text from status record | Add mandatory field: 'sap_system_id' - SAP SID and client (e.g., PRD/100) | Add mandatory field: 'sap_logical_system' - sender/receiver logical system names | Add mandatory field: 'new_relic_issue_url' - direct clickable link to New Relic issue details | Add mandatory field: 'sap_idoc_dashboard_url' - filtered link to SAP IDoc monitoring for this failure | Add recommended field: 'business_process_impacted' - specific RTR process (e.g., Currency Replication, GL Master) | Add required closure field: 'resolution_action' - specific action taken (reprocessed, corrected data, config fix) | Include New Relic query details that triggered alert (actual count, threshold, time window) | Embed automated enrichment from SAP: partner info, message type, creation timestamp","**New Relic Alert: SAP Core RTR IDoc Failure Detected**

**Alert Details:**
- New Relic Issue ID: {{issue_id}}
- Issue URL: {{new_relic_issue_url}}
- Alert Policy: {{alert_policy_name}}
- Priority: {{priority}}
- Detection Time: {{alert_timestamp}}

**SAP IDoc Failure Details:**
- SAP System: {{sap_system_id}} / Client {{sap_client}}
- Failed IDoc Number(s): {{sap_idoc_numbers}} (Count: {{failed_idoc_count}})
- IDoc Type: {{sap_idoc_type}}
- IDoc Direction: {{direction}} (Inbound/Outbound)
- Logical System (Sender): {{sender_logical_system}}
- Logical System (Receiver): {{receiver_logical_system}}
- SAP Error Status: {{sap_status_code}}
- SAP Error Message: {{sap_error_text}}
- Business Process: {{business_process}} (e.g., Currency Rate Replication, GL Account Master)

**Investigation Links:**
- SAP IDoc Monitor (WE02): {{sap_idoc_monitor_url}}
- New Relic Dashboard: {{new_relic_dashboard_url}}
- Related SAP Alerts: {{related_alerts}}

**Alert Condition:**
- Query: {{nrql_query}}
- Threshold: {{threshold_value}}
- Actual Result: {{actual_value}}
- Time Window: {{evaluation_window}}

**Recommended Actions:**
{{automated_remediation_steps}}

**Resolution (to be completed):**
- Root Cause: [Required]
- Action Taken: [Required - e.g., IDoc reprocessed via BD87, corrected partner profile, fixed master data]
- Validation: [Required - confirm IDoc status 53/successful posting]
- Preventive Measure: [If applicable]",Expected 60-75% MTTR reduction (from ~78 hours to ~15-20 hours). Direct SAP IDoc numbers and error codes eliminate manual New Relic-to-SAP correlation effort (estimated 2-4 hours). Embedded investigation URLs and specific error messages enable immediate triage. Automated enrichment with SAP transaction details and recommended actions reduces knowledge dependency. Mandatory resolution documentation prevents recurring investigation of identical issues and enables pattern-based automation for common IDoc failure scenarios.
ERP SAP CORE Demand To Warehouse Team,ERP SAP CORE Demand To Warehouse Team,New Relic,Demand To Warehouse,"Excellent, Good, Needs Improvement",105,73.84,1604.93,"INC5778065, INC5987000, INC5791094, INC5817464, INC5797603","impacted host, pod, instance, CI, or SAP component: 105 | direct alert, trace, issue, or dashboard URL: 104 | error code, alert code, exception, or failed transaction identifier: 86 | action taken, workaround, validation result, or permanent fix: 27","This segment represents 105 SAP Core Demand-to-Warehouse IDoc failure incidents monitored via New Relic with an average MTTR of 26.7 hours. Despite an average quality score of 73.84, all incidents exhibit a consistent pattern: generic 'Material master query result >= 1.0' alerts that lack specific diagnostic context. Every incident (100%) is missing the impacted SAP component details, nearly all (99%) lack direct investigation URLs, and 82% are missing specific error codes or IDoc identifiers. The incidents auto-close when New Relic issues close, but contain no evidence of root cause investigation, remediation actions, or validation—indicating a monitoring-driven ticketing pattern without meaningful incident resolution documentation.","No specific IDoc number, type, or message type captured to identify which integration flow failed | Missing SAP transaction codes (WE02, WE05, BD87) or error status codes that would pinpoint IDoc failure reasons | No correlation to specific SAP system ID, client, or partner profile involved in the DTW process | Absence of business impact context—which materials, warehouse locations, or order types were affected | No distinction between transient vs. persistent failures or failure categories (configuration, data, connectivity) | Auto-closure based on New Relic status without documented root cause or failure pattern analysis","No automatic extraction of failed IDoc numbers from New Relic query results for direct SAP lookup | Missing enrichment with SAP system health checks or dependent RFC/batch job status | No automated severity classification based on IDoc volume, age of failures, or business criticality | Lack of automatic dashboard/query URL generation linking to specific IDoc failure details in New Relic | No self-service runbook links for common IDoc failure scenarios (partner profile errors, data mapping issues, locked records) | Missing automated correlation with recent SAP transports, configuration changes, or scheduled maintenance windows | No automatic validation that failed IDocs were reprocessed or cleared before incident closure","Mandate inclusion of specific IDoc numbers extracted from New Relic query results in initial alert payload | Require SAP component identifiers: System ID (SID), Client number, Message Type, Partner Profile, and IDoc Direction (Inbound/Outbound) | Embed direct New Relic dashboard URL with pre-filtered query for the specific time window and IDoc failure details | Capture and log SAP status codes (51=Error, 56=IDoc with errors added) and error message text from EDIDS table | Require structured remediation documentation: IDoc reprocessing method (BD87, WE19, manual), validation query, and business confirmation | Add IDoc failure category tags: DATA_MAPPING, PARTNER_CONFIG, CONNECTIVITY, AUTHORIZATION, LOCKED_OBJECT, or UNKNOWN | Include business context fields: affected Material Numbers, Plant/Storage Location codes, and estimated transaction volume impact | Mandate work notes template with investigation steps, SAP transaction codes used, and resolution time breakdown","**New Relic Alert: SAP Core DTW IDoc Failure Detected**

**Issue ID:** {{issue_id}}
**Priority:** {{priority}}
**Alert Policy:** {{alert_policy_name}}
**Detection Time:** {{timestamp}}
**New Relic Dashboard:** {{dashboard_url}}?filter=IDoc_Status:Error&timeRange={{time_window}}

**SAP Environment Details:**
- System ID (SID): {{sap_sid}}
- Client: {{sap_client}}
- Message Type: {{idoc_message_type}}
- Partner Profile: {{partner_profile}}
- IDoc Direction: {{inbound|outbound}}

**Failed IDoc Details:**
- IDoc Numbers: {{failed_idoc_numbers}} (Total: {{failure_count}})
- SAP Status Codes: {{status_codes}}
- Error Messages: {{error_message_text}}
- Failure Category: {{DATA_MAPPING|PARTNER_CONFIG|CONNECTIVITY|AUTHORIZATION|LOCKED_OBJECT|UNKNOWN}}

**Business Impact:**
- Affected Materials: {{material_numbers}}
- Plant/Storage Locations: {{plant_sloc_codes}}
- Estimated Transaction Volume: {{transaction_count}}
- Business Process: {{process_name}}

**Investigation Actions Required:**
1. Review IDoc details in SAP via WE02/WE05 using IDoc numbers above
2. Check partner profile configuration (WE20) for {{partner_profile}}
3. Verify connectivity and RFC destinations (SM59) if applicable
4. Review application logs (SLG1) for related errors

**Resolution Documentation (Required before closure):**
- Root Cause: {{root_cause_description}}
- Remediation Method: {{BD87_reprocess|WE19_manual|config_fix|data_correction}}
- IDocs Reprocessed: {{reprocessed_idoc_list}}
- Validation Query: {{validation_nrql_or_sap_txn}}
- Business Confirmation: {{confirmed_by}} at {{confirmation_time}}
- Permanent Fix Applied: {{yes|no}} - {{fix_description}}","By providing specific IDoc numbers, SAP component context, direct investigation URLs, and structured failure categorization upfront, initial triage time can be reduced by 40-60% (from current 26.7 hours average). Mandatory resolution documentation with reprocessing validation will eliminate premature auto-closures and reduce repeat incidents. Automation-ready data fields enable future self-healing for common failure patterns (estimated 30% of incidents), potentially reducing MTTR to under 8 hours for routine IDoc errors."
ERP SAP CORE Tech & Infra Team,ERP SAP CORE Tech & Infra Team,New Relic,Tech & Infra,"Needs Improvement, Good",17,57.54,125.22,"INC5894172, INC5804594, INC5804676, INC5862225, INC5846299","impacted host, pod, instance, CI, or SAP component: 17 | root cause analysis in close notes: 17 | action taken, workaround, validation result, or permanent fix: 17 | error code, alert code, exception, or failed transaction identifier: 12 | direct alert, trace, issue, or dashboard URL: 12","This segment represents 17 incidents from the ERP SAP CORE Tech & Infra Team monitoring SAP WebDispatcher response times via New Relic. All incidents share identical missing signals, indicating systematic documentation gaps rather than isolated oversights. The incidents are auto-closed when New Relic issues resolve, with minimal human investigation documented. Close notes lack root cause analysis, specific actions taken, or identification of impacted infrastructure components. The average MTTR of 125 minutes suggests incidents may be resolving automatically or through undocumented manual intervention, but the absence of structured logging prevents pattern recognition, automated remediation, or knowledge transfer.","No distinction between transient performance spikes versus sustained degradation patterns | Missing correlation between response time threshold breach and actual SAP system or network bottlenecks | No analysis of whether alert auto-closure indicates true resolution or monitoring gap | Absence of upstream/downstream dependency impact assessment (database, network, application server load) | No trending data or comparison to baseline performance metrics at time of alert","Alert payload lacks specific SAP WebDispatcher hostname, instance number, or server node identifier for automated remediation targeting | No structured error codes or transaction IDs to enable automated correlation with SAP logs or transaction traces | Missing direct URL links to New Relic dashboards, traces, or alert details prevents automated evidence collection | Close notes don't capture validation steps (response time normalization, service availability checks) in machine-readable format | No standardized severity escalation criteria or auto-remediation action triggers based on duration or threshold multiples","Mandate inclusion of 'impacted_component' field with SAP system ID (SID), WebDispatcher hostname, instance number, and CI identifier in alert payload | Require 'alert_context' section with direct New Relic issue URL, dashboard link, and query permalink for threshold breach | Enforce 'metric_details' object containing actual response time value, threshold exceeded, duration of breach, and baseline comparison | Implement structured 'resolution_data' in close notes with fields: root_cause_category, validation_method, actions_performed, and auto_resolved_flag | Add 'error_identifiers' section for SAP work process dumps, ABAP short dumps, HTTP status codes, or network error codes when available | Require 'impact_scope' field documenting affected user count, business transactions, or SAP modules if determinable","**ALERT DETAILS**
Alert: {{alert_condition_name}} | Priority: {{priority}} | Issue ID: {{issue_id}}
New Relic Issue URL: {{issue_url}} | Dashboard: {{dashboard_url}}

**IMPACTED COMPONENT**
SAP System: {{sap_sid}} | WebDispatcher: {{webdispatcher_host}} | Instance: {{instance_number}}
Configuration Item: {{ci_name}} | Environment: {{environment}}

**METRIC BREACH**
Current Response Time: {{current_value}}ms | Threshold: {{threshold_value}}ms | Breach Duration: {{duration_minutes}}min
Baseline (24h avg): {{baseline_value}}ms | Deviation: {{percent_deviation}}%
Query: {{nrql_query}}

**CONTEXT**
Alert Policy: {{alert_policy_name}} | Condition: {{condition_description}}
Triggered: {{trigger_timestamp}} | Entities: {{impacted_entities}}

**INVESTIGATION FINDINGS**
Root Cause: {{root_cause}} | Category: {{cause_category}}
Correlated Events: {{correlated_alerts_or_changes}}
Impact Scope: {{affected_users_or_transactions}}

**RESOLUTION**
Actions Taken: {{actions_list}}
Validation: {{validation_method}} | Result: {{validation_outcome}}
Auto-Resolved: {{true/false}} | Permanent Fix: {{fix_description_or_none}}
Closed: {{close_timestamp}} | Duration: {{total_duration_minutes}}min","Implementing these logging standards is expected to reduce MTTR by 40-50% (from 125 to 60-75 minutes) by enabling immediate component identification, eliminating manual URL lookup in New Relic, providing baseline context for faster triage decisions, and creating structured data for automated alert correlation and runbook execution. The improved template will also enable pattern detection across recurring WebDispatcher performance issues for proactive tuning."
ERP SAP CORE FP&A,ERP SAP CORE FP&A,New Relic,FP&A,Needs Improvement,5,61.17,1471.13,"INC5908668, INC5935729, INC5917281, INC5851926, INC5886393","impacted host, pod, instance, CI, or SAP component: 5 | error code, alert code, exception, or failed transaction identifier: 5 | direct alert, trace, issue, or dashboard URL: 5 | action taken, workaround, validation result, or permanent fix: 5","This segment represents SAP Core BPM IDoc failure alerts for FP&A cost center operations (Create/Change) in Production, all originating from New Relic with consistently poor log fidelity (61.17 score). All 5 incidents share identical missing signals and exhibit extremely high MTTR (~24 hours). The alerts provide generic IDoc failure notifications but lack actionable technical details needed for rapid diagnosis. The pattern shows repetitive incidents for the same business processes without capturing specific IDoc numbers, error codes, SAP transaction details, or host information. Work notes indicate incidents auto-close when New Relic issues close, with minimal documented investigation or remediation steps, suggesting reactive monitoring without root cause resolution.","No specific IDoc document number or IDoc type captured in alerts | Missing SAP error codes, status codes, or message types from IDoc processing | No identification of which SAP system, client, or integration component failed | Absence of BPM workflow identifiers or business process context | No correlation to specific cost center data or transaction payload that triggered failure | Missing upstream/downstream system integration points (source/target systems) | No historical failure pattern data or repeat failure indicators | Lack of business impact assessment (number of cost centers affected, financial data at risk)","No automatic retrieval of IDoc details from SAP transaction codes (WE02, WE05, BD87) | Missing auto-capture of SAP application logs and error message details | No automated validation of BPM workflow status or restart capability | Absence of automatic comparison against successful IDoc processing patterns | No self-service IDoc reprocessing triggers or retry mechanisms | Missing automated notification to data submitters about validation errors | No automatic escalation based on IDoc age or business criticality | Lack of integration with SAP ALE/IDoc monitoring tools for enriched context","Add mandatory IDoc identification fields: IDoc Number, IDoc Type (e.g., COSMAS01, COSMAS02), Direction (Inbound/Outbound) | Include SAP technical identifiers: System ID (SID), Client, Logical System, Partner Profile | Capture specific error details: SAP Message Number, Message Class, Message Text, Status Code (51, 64, etc.) | Add business context fields: Cost Center ID(s), Valid From/To dates, Operation Type (Create/Change), Number of Records | Include BPM workflow details: Process Instance ID, Workflow Step, Integration Scenario Name | Embed direct diagnostic URLs: New Relic Issue permalink, SAP GUI deep-link (WE02 with IDoc number), relevant dashboard URLs | Add host/infrastructure context: Application Server, Integration Server Pod/Instance, Message Queue details | Include resolution guidance: Common validation errors for cost center operations, reprocessing procedures, data correction steps | Capture temporal context: First occurrence timestamp, repeat failure count, last successful processing time | Add impact metrics: Number of failed IDocs in batch, affected entities count, business process SLA status","**New Relic Alert: SAP Core BPM IDoc Failure - {Operation} Cost Center(s)**

**Issue Details:**
- Issue ID: {issue_id} | [View in New Relic]({new_relic_issue_url})
- Priority: {priority} | Detected: {timestamp}

**SAP IDoc Information:**
- IDoc Number(s): {idoc_numbers} | Type: {idoc_type} | Direction: {direction}
- Status: {idoc_status_code} - {idoc_status_text}
- [View IDoc in SAP]({sap_gui_deeplink_we02})

**Error Details:**
- SAP Message: {message_class}/{message_number} - {message_text}
- Error Code: {error_code} | Exception: {exception_type}

**System Context:**
- SAP System: {sap_sid} | Client: {client} | Logical System: {logical_system}
- Application Server: {app_server_host} | Integration Pod: {bpm_pod_instance}
- Partner Profile: {partner_profile} | Port: {port_name}

**Business Impact:**
- Operation: {operation_type} (Create/Change/Delete)
- Cost Center(s) Affected: {cost_center_ids} | Count: {record_count}
- Valid From Date Issue: {valid_from_date} (must be current year: {current_year})
- BPM Workflow: {workflow_name} | Process Instance: {process_instance_id}

**Failure Context:**
- Total Failed IDocs: {failed_count} | Query Result: {query_result}
- First Failure: {first_occurrence} | Repeat Incident: {is_repeat}
- Last Successful Processing: {last_success_timestamp}

**Diagnostic Links:**
- New Relic Dashboard: {dashboard_url}
- SAP IDoc Monitor: {we05_url}
- BPM Process Monitor: {bpm_monitor_url}

**Recommended Actions:**
1. Review IDoc error details in SAP (WE02: {idoc_number})
2. Common Issue: Verify Valid From date is current year ({current_year})
3. Check cost center master data completeness
4. Reprocess via BD87 after data correction
5. Validate BPM workflow step completion

**Alert Policy:** {alert_policy_name} | Condition: {alert_condition_name}","Expected MTTR reduction from ~24 hours to 2-4 hours (75-85% improvement). Specific IDoc numbers, SAP error codes, and direct system links enable immediate diagnosis without manual system navigation. Embedded validation guidance (e.g., valid-from date requirements) addresses the most common root cause directly. Automated capture of business context (cost center IDs, operation types) eliminates time spent correlating technical failures with business impact, while deep-links to SAP transactions (WE02, BD87) and New Relic dashboards accelerate investigation and enable faster reprocessing workflows."
